timestamp,ip,user_agent
2025-06-04 00:05:58,192.168.0.26,Mozilla/5.0
2025-06-04 00:05:58,192.168.0.182,Edge/91.0
2025-06-04 00:05:58,192.168.0.60,Edge/91.0
2025-06-04 00:05:58,192.168.0.219,Safari/14.0
2025-06-04 00:05:58,192.168.0.2,Mozilla/5.0
2025-06-04 00:05:58,192.168.0.78,Edge/91.0
2025-06-04 00:05:58,192.168.0.174,Safari/14.0
2025-06-04 00:05:58,192.168.0.250,Edge/91.0
2025-06-04 00:05:58,192.168.0.63,Edge/91.0
2025-06-04 00:05:58,192.168.0.96,Edge/91.0
2025-06-04 00:07:13,192.168.0.165,Chrome/91.0
2025-06-04 00:07:13,192.168.0.5,Edge/91.0
2025-06-04 00:07:13,192.168.0.43,Safari/14.0
2025-06-04 00:07:13,192.168.0.188,Mozilla/5.0
2025-06-04 00:07:13,192.168.0.112,Chrome/91.0
2025-06-04 00:07:13,192.168.0.67,Edge/91.0
2025-06-04 00:07:13,192.168.0.12,Edge/91.0
2025-06-04 00:07:13,192.168.0.115,Safari/14.0
2025-06-04 00:07:13,192.168.0.251,Mozilla/5.0
2025-06-04 00:07:13,192.168.0.42,Edge/91.0
2025-06-04 00:10:42,192.168.0.224,Safari/14.0
2025-06-04 00:10:42,192.168.0.8,Edge/91.0
2025-06-04 00:10:42,192.168.0.251,Safari/14.0
2025-06-04 00:10:42,192.168.0.106,Chrome/91.0
2025-06-04 00:10:42,192.168.0.12,Edge/91.0
2025-06-04 00:10:42,192.168.0.100,Mozilla/5.0
2025-06-04 00:10:42,192.168.0.231,Safari/14.0
2025-06-04 00:10:42,192.168.0.245,Mozilla/5.0
2025-06-04 00:10:42,192.168.0.249,Chrome/91.0
2025-06-04 00:10:42,192.168.0.219,Mozilla/5.0
2025-06-04 07:31:15,192.168.0.155,Chrome/91.0
2025-06-04 07:31:15,192.168.0.105,Edge/91.0
2025-06-04 07:31:15,192.168.0.167,Safari/14.0
2025-06-04 07:31:15,192.168.0.92,Edge/91.0
2025-06-04 07:31:15,192.168.0.70,Safari/14.0
2025-06-04 07:31:15,192.168.0.232,Mozilla/5.0
2025-06-04 07:31:15,192.168.0.119,Edge/91.0
2025-06-04 07:31:15,192.168.0.12,Safari/14.0
2025-06-04 07:31:15,192.168.0.237,Mozilla/5.0
2025-06-04 07:31:15,192.168.0.73,Edge/91.0
2025-06-04 07:32:10,192.168.0.67,Safari/14.0
2025-06-04 07:32:10,192.168.0.15,Edge/91.0
2025-06-04 07:32:10,192.168.0.66,Mozilla/5.0
2025-06-04 07:32:10,192.168.0.195,Edge/91.0
2025-06-04 07:32:10,192.168.0.56,Edge/91.0
2025-06-04 07:32:10,192.168.0.8,Mozilla/5.0
2025-06-04 07:32:10,192.168.0.103,Safari/14.0
2025-06-04 07:32:10,192.168.0.224,Chrome/91.0
2025-06-04 07:32:10,192.168.0.170,Chrome/91.0
2025-06-04 07:32:10,192.168.0.225,Safari/14.0
2025-06-04 07:34:18,192.168.0.255,Safari/14.0
2025-06-04 07:34:18,192.168.0.77,Edge/91.0
2025-06-04 07:34:18,192.168.0.179,Edge/91.0
2025-06-04 07:34:18,192.168.0.146,Edge/91.0
2025-06-04 07:34:18,192.168.0.120,Edge/91.0
2025-06-04 07:34:18,192.168.0.28,Edge/91.0
2025-06-04 07:34:18,192.168.0.20,Edge/91.0
2025-06-04 07:34:18,192.168.0.225,Chrome/91.0
2025-06-04 07:34:18,192.168.0.185,Chrome/91.0
2025-06-04 07:34:18,192.168.0.249,Mozilla/5.0
2025-06-04 07:39:47,192.168.0.19,Edge/91.0
2025-06-04 07:39:47,192.168.0.202,Mozilla/5.0
2025-06-04 07:39:47,192.168.0.179,Safari/14.0
2025-06-04 07:39:47,192.168.0.77,Mozilla/5.0
2025-06-04 07:39:47,192.168.0.197,Edge/91.0
2025-06-04 07:39:47,192.168.0.238,Chrome/91.0
2025-06-04 07:39:47,192.168.0.196,Safari/14.0
2025-06-04 07:39:47,192.168.0.180,Mozilla/5.0
2025-06-04 07:39:47,192.168.0.39,Chrome/91.0
2025-06-04 07:39:47,192.168.0.244,Mozilla/5.0
2025-06-04 07:42:56,192.168.0.65,Chrome/91.0
2025-06-04 07:42:56,192.168.0.9,Safari/14.0
2025-06-04 07:42:56,192.168.0.232,Mozilla/5.0
2025-06-04 07:42:56,192.168.0.72,Safari/14.0
2025-06-04 07:42:56,192.168.0.213,Edge/91.0
2025-06-04 07:42:56,192.168.0.86,Safari/14.0
2025-06-04 07:42:56,192.168.0.217,Chrome/91.0
2025-06-04 07:42:56,192.168.0.58,Safari/14.0
2025-06-04 07:42:56,192.168.0.132,Mozilla/5.0
2025-06-04 07:42:56,192.168.0.6,Chrome/91.0
